[{
  "avatar": "https://pudongping.com/medias/avatar.jpg",
  "name": "蒲东平的博客",
  "introduction": "✊🏻 SELECT * FROM LEARNS WHERE LIVE IS NOT NULL;",
  "url": "https://pudongping.com/",
  "title": "瞅一瞅"
},{
  "avatar": "https://pudongping.com/medias/favicon.png",
  "name": "蒲东平的笔记",
  "introduction": "三观比五官正，思想比套路深的终身学习编程爱好者。 😘",
  "url": "https://notes.pudongping.com/",
  "title": "看一看"
},{
  "avatar": "https://blog.pudongping.com/uploads/images/avatars/201912/07/1_1575651320_G3hUEZnQgE.png",
  "name": "蒲东平的博客",
  "introduction": "致力于提供个人所学所想，为开源做一点贡献。（旧博客项目）",
  "url": "https://blog.pudongping.com/",
  "title": "瞧一瞧"
},{
  "avatar": "https://laravel.gstatics.cn/storage/uploads/images/user/2019-10/thumbs-120-120/me.jpg",
  "name": "学院君",
  "introduction": "极客、程序员、终身学习者、Laravel 学院创始人、全能开发大佬。",
  "url": "https://xueyuanjun.com",
  "title": "前去学习"
},{
  "avatar": "http://image.luokangyuan.com/4027734.jpeg",
  "name": "闪烁之狐",
  "introduction": "编程界大佬，技术牛，人还特别好，不懂的都可以请教大佬。",
  "url": "https://blinkfox.github.io/",
  "title": "前去学习"
},{
  "avatar": "https://blog.tgwork.top/wp-content/uploads/2019/12/WechatIMG24.jpeg",
  "name": "tg11",
  "introduction": "一沙一世界，一花一天堂。君掌盛无边，刹那成永恒。",
  "url": "https://blog.tgwork.top/",
  "title": "前去学习"
},{
  "avatar": "https://zoulingbin.github.io/images/avatar.jpg",
  "name": "zoulingbin",
  "introduction": "几多人位于山之巅俯瞰我的疲倦。",
  "url": "https://zoulingbin.github.io/",
  "title": "前去学习"
},{
  "avatar": "https://www.fyxemmmm.cn/wp-content/themes/Saber/images/none.png",
  "name": "feixiang",
  "introduction": "Always pending.",
  "url": "https://www.fyxemmmm.cn/",
  "title": "前去学习"
}]
